Datetime,Water Level (m)
2026-02-22 06:00:00,-1.2261151
2026-02-22 07:00:00,-1.4605927
2026-02-22 08:00:00,-0.9154137
2026-02-22 09:00:00,-0.17756875
2026-02-22 10:00:00,0.54038894
2026-02-22 11:00:00,1.0369612
2026-02-22 12:00:00,1.2937028
2026-02-22 13:00:00,1.208133
2026-02-22 14:00:00,0.8261163
2026-02-22 15:00:00,0.38076448
2026-02-22 16:00:00,-0.07257305
2026-02-22 17:00:00,-0.50751024
2026-02-22 18:00:00,-0.9172491
2026-02-22 19:00:00,-1.269895
2026-02-22 20:00:00,-1.0477797
2026-02-22 21:00:00,-0.3383003
2026-02-22 22:00:00,0.3500946
2026-02-22 23:00:00,0.8321124
2026-02-23 00:00:00,1.0980674
2026-02-23 01:00:00,1.0205946
2026-02-23 02:00:00,0.6472576
2026-02-23 03:00:00,0.21692942
2026-02-23 04:00:00,-0.21561374
2026-02-23 05:00:00,-0.65454483
2026-02-23 06:00:00,-1.0583961
2026-02-23 07:00:00,-1.4148363
2026-02-23 08:00:00,-1.4635831
2026-02-23 09:00:00,-0.77168363
2026-02-23 10:00:00,-0.013453429
2026-02-23 11:00:00,0.62869674
2026-02-23 12:00:00,1.0720149
2026-02-23 13:00:00,1.2508738
2026-02-23 14:00:00,1.0662892
2026-02-23 15:00:00,0.6811828
2026-02-23 16:00:00,0.24091764
2026-02-23 17:00:00,-0.18875262
2026-02-23 18:00:00,-0.606932
2026-02-23 19:00:00,-0.9848933
2026-02-23 20:00:00,-1.2753718
2026-02-23 21:00:00,-0.9540382
2026-02-23 22:00:00,-0.3555042
2026-02-23 23:00:00,0.23666464
2026-02-24 00:00:00,0.64978594
2026-02-24 01:00:00,0.86085755
2026-02-24 02:00:00,0.7412082
2026-02-24 03:00:00,0.38621208
2026-02-24 04:00:00,-0.010347348
2026-02-24 05:00:00,-0.40204003
2026-02-24 06:00:00,-0.8078212
2026-02-24 07:00:00,-1.18419
2026-02-24 08:00:00,-1.461758
2026-02-24 09:00:00,-1.3031669
2026-02-24 10:00:00,-0.6835415
2026-02-24 11:00:00,0.00025366127
2026-02-24 12:00:00,0.56599224
2026-02-24 13:00:00,0.96969926
2026-02-24 14:00:00,1.1402506
2026-02-24 15:00:00,0.9877262
2026-02-24 16:00:00,0.6421793
2026-02-24 17:00:00,0.2381415
2026-02-24 18:00:00,-0.16356884
2026-02-24 19:00:00,-0.5494668
2026-02-24 20:00:00,-0.8986186
2026-02-24 21:00:00,-1.1520215
2026-02-24 22:00:00,-0.9701436
2026-02-24 23:00:00,-0.51418203
2026-02-25 00:00:00,-0.034918275
2026-02-25 01:00:00,0.33373374
2026-02-25 02:00:00,0.5505112
2026-02-25 03:00:00,0.5378401
2026-02-25 04:00:00,0.27917346
2026-02-25 05:00:00,-0.05232954
2026-02-25 06:00:00,-0.38985398
2026-02-25 07:00:00,-0.7470934
2026-02-25 08:00:00,-1.0783817
2026-02-25 09:00:00,-1.3286326
2026-02-25 10:00:00,-1.2026106
2026-02-25 11:00:00,-0.6929651
2026-02-25 12:00:00,-0.10604688
2026-02-25 13:00:00,0.42362165
2026-02-25 14:00:00,0.8347185
2026-02-25 15:00:00,1.0656148
2026-02-25 16:00:00,1.0309067
2026-02-25 17:00:00,0.7556371
2026-02-25 18:00:00,0.3791064
2026-02-25 19:00:00,-0.011276876
2026-02-25 20:00:00,-0.37869623
2026-02-25 21:00:00,-0.7377641
2026-02-25 22:00:00,-1.0342916
2026-02-25 23:00:00,-1.1518354
2026-02-26 00:00:00,-0.8681924
2026-02-26 01:00:00,-0.45963612
2026-02-26 02:00:00,-0.034765128
2026-02-26 03:00:00,0.2721135
2026-02-26 04:00:00,0.42042965
2026-02-26 05:00:00,0.35353908
2026-02-26 06:00:00,0.10357549
2026-02-26 07:00:00,-0.20256731
2026-02-26 08:00:00,-0.5124381
2026-02-26 09:00:00,-0.827046
2026-02-26 10:00:00,-1.1071253
2026-02-26 11:00:00,-1.2271204
2026-02-26 12:00:00,-0.9300891
2026-02-26 13:00:00,-0.42844164
2026-02-26 14:00:00,0.14334857
2026-02-26 15:00:00,0.6271489
2026-02-26 16:00:00,0.9741151
2026-02-26 17:00:00,1.1009027
2026-02-26 18:00:00,0.967511
2026-02-26 19:00:00,0.64409804
2026-02-26 20:00:00,0.25012615
2026-02-26 21:00:00,-0.14426836
2026-02-26 22:00:00,-0.52146554
2026-02-26 23:00:00,-0.87306833
2026-02-27 00:00:00,-1.1715614
2026-02-27 01:00:00,-1.2496386
2026-02-27 02:00:00,-0.8688717
2026-02-27 03:00:00,-0.40099597
2026-02-27 04:00:00,0.061588597
2026-02-27 05:00:00,0.39814356
2026-02-27 06:00:00,0.56208414
2026-02-27 07:00:00,0.4706559
2026-02-27 08:00:00,0.17570645
2026-02-27 09:00:00,-0.16372079
2026-02-27 10:00:00,-0.50266445
2026-02-27 11:00:00,-0.83923084
2026-02-27 12:00:00,-1.1348723
2026-02-27 13:00:00,-1.2030365
2026-02-27 14:00:00,-0.71926564
2026-02-27 15:00:00,-0.10456782
2026-02-27 16:00:00,0.47450724
2026-02-27 17:00:00,0.9207562
2026-02-27 18:00:00,1.185616
2026-02-27 19:00:00,1.1735394
2026-02-27 20:00:00,0.86632204
2026-02-27 21:00:00,0.45762622
2026-02-27 22:00:00,0.026794571
2026-02-27 23:00:00,-0.38358378
2026-02-28 00:00:00,-0.78666186
2026-02-28 01:00:00,-1.146751
2026-02-28 02:00:00,-1.3538282
2026-02-28 03:00:00,-0.98665565
2026-02-28 04:00:00,-0.41525415
2026-02-28 05:00:00,0.16767569
2026-02-28 06:00:00,0.5857822
